[{"model": "auth.user", "pk": 1, "fields": {"password": "pbkdf2_sha256$100000$GR5tVW4aqCjk$aa5mY2CbDxxxLgGzp5lbEpspF14wK1pre3MuVkKnZHs=", "last_login": "2018-05-15T16:27:08.938Z", "is_superuser": true, "username": "admin", "first_name": "", "last_name": "", "email": "admin@test.com", "is_staff": true, "is_active": true, "date_joined": "2018-05-15T13:48:26.286Z", "groups": [], "user_permissions": []}}, {"model": "auth.user", "pk": 2, "fields": {"password": "pbkdf2_sha256$100000$1hbTt0syeGOm$PMKlKBAxrDTM5wbu+cKxYg6WfPdZ16OOFSsLJYEduas=", "last_login": null, "is_superuser": false, "username": "glover_d", "first_name": "Donald", "last_name": "Glover", "email": "donald@glover.com", "is_staff": false, "is_active": true, "date_joined": "2018-05-15T13:53:37.112Z", "groups": [], "user_permissions": []}}, {"model": "auth.user", "pk": 3, "fields": {"password": "pbkdf2_sha256$100000$YiJ33qAyToUe$Zgw6/qkINeHxRbaPgUTNrDe3UZuzG+KAt3UD9I8vbJk=", "last_login": null, "is_superuser": false, "username": "guervi_t", "first_name": "Thomas", "last_name": "Guerville", "email": "guervi_t@test.com", "is_staff": false, "is_active": true, "date_joined": "2018-05-15T13:54:26.835Z", "groups": [], "user_permissions": []}}, {"model": "auth.user", "pk": 4, "fields": {"password": "pbkdf2_sha256$100000$sMuH1vSjNA2v$pU/HS00JOzFPwIp0Kuhr5VH2MztFa/D+CHn8qcqbTiE=", "last_login": null, "is_superuser": false, "username": "peicho_d", "first_name": "David", "last_name": "Peicho", "email": "peicho@test.com", "is_staff": false, "is_active": true, "date_joined": "2018-05-15T13:55:27.098Z", "groups": [], "user_permissions": []}}, {"model": "auth.user", "pk": 5, "fields": {"password": "pbkdf2_sha256$100000$zTMFsRmzEM9l$3Dp+aOiUMRJT3FDOSLGQJxwOb4gSxPGHh1VYzmuh4xg=", "last_login": null, "is_superuser": false, "username": "petit_s", "first_name": "Jeanne", "last_name": "Petit", "email": "petit_s@test.com", "is_staff": false, "is_active": true, "date_joined": "2018-05-15T13:56:00.999Z", "groups": [], "user_permissions": []}}, {"model": "auth.user", "pk": 6, "fields": {"password": "pbkdf2_sha256$100000$zK5zVBi5c66A$V7qkzgkB4uXKV9dDhp2tLJFOgVrF7iRuW1xbCD0a2Zg=", "last_login": null, "is_superuser": false, "username": "orfila_c", "first_name": "Cyprien", "last_name": "Orfila", "email": "orfila_c@test.com", "is_staff": false, "is_active": true, "date_joined": "2018-05-15T13:56:48.541Z", "groups": [], "user_permissions": []}}, {"model": "auth.user", "pk": 7, "fields": {"password": "pbkdf2_sha256$100000$1H1BTNzdXq2Y$8431CJMaEf8CuhdDoFaQYeOOyI17XkQctPR+J9zmIj8=", "last_login": null, "is_superuser": false, "username": "chabro_a", "first_name": "Alexandre", "last_name": "CHABROLIN", "email": "chabro_a@test.com", "is_staff": false, "is_active": true, "date_joined": "2018-05-15T13:57:24.080Z", "groups": [], "user_permissions": []}}, {"model": "auth.user", "pk": 8, "fields": {"password": "pbkdf2_sha256$100000$VBaPlS5rtFWe$1m5CW+X9pEhkXpghs0/sf7Itk/F5lXZAOAMXHbi2S1M=", "last_login": null, "is_superuser": false, "username": "boillo_l", "first_name": "Lucien", "last_name": "Boillod", "email": "boillo_l@test.fr", "is_staff": false, "is_active": true, "date_joined": "2018-05-15T14:03:23.084Z", "groups": [], "user_permissions": []}}, {"model": "auth.user", "pk": 9, "fields": {"password": "pbkdf2_sha256$100000$k0mvuog0A43P$cXUxgiCtspQsHU8ebpe8a9gPDEFyLEI5e1KM4VGvVLA=", "last_login": null, "is_superuser": false, "username": "abita_a", "first_name": "Alexandre", "last_name": "Abita", "email": "abita_a@test.fr", "is_staff": false, "is_active": true, "date_joined": "2018-05-15T14:04:24.419Z", "groups": [], "user_permissions": []}}, {"model": "auth.user", "pk": 10, "fields": {"password": "pbkdf2_sha256$100000$kvCGB5cwJ0Dr$AVzpmSv/5DIUxnzPW8kQllTKLI5qrzpXX4byjDDidpY=", "last_login": null, "is_superuser": false, "username": "tounia_b", "first_name": "Alexandre", "last_name": "Toubiana", "email": "tou@test.com", "is_staff": false, "is_active": true, "date_joined": "2018-05-15T14:10:28.496Z", "groups": [], "user_permissions": []}}, {"model": "auth.user", "pk": 11, "fields": {"password": "pbkdf2_sha256$100000$ujrqYVcmlciA$up9QjJDBzYCkNJ1RX15/qwvZW/YZ1+MZfaiiD5eos4s=", "last_login": null, "is_superuser": false, "username": "bennac_k", "first_name": "Kais", "last_name": "BEN NACEUR", "email": "bennac_k@test.fr", "is_staff": false, "is_active": true, "date_joined": "2018-05-15T14:11:12.384Z", "groups": [], "user_permissions": []}}, {"model": "auth.user", "pk": 12, "fields": {"password": "pbkdf2_sha256$100000$Dmz2akZdKjpe$zkDF/iFDDWaJuhSLdI/S24j3/0ux6hlxtwX0l6L9oOg=", "last_login": null, "is_superuser": false, "username": "budet_p", "first_name": "Benjamin", "last_name": "Budet", "email": "budet_p@test.fr", "is_staff": false, "is_active": true, "date_joined": "2018-05-15T14:11:41.623Z", "groups": [], "user_permissions": []}}, {"model": "auth.user", "pk": 13, "fields": {"password": "pbkdf2_sha256$100000$3tLl5rmHVb0l$GqBFUjIvn6C8ip/XsgLZfELmENJ8BC3D3cfLqhmWtFM=", "last_login": null, "is_superuser": false, "username": "courou_m", "first_name": "Meven", "last_name": "Courouble", "email": "meven_c@test.fr", "is_staff": false, "is_active": true, "date_joined": "2018-05-15T14:16:09.853Z", "groups": [], "user_permissions": []}}, {"model": "auth.user", "pk": 14, "fields": {"password": "pbkdf2_sha256$100000$RoLYjGZjseJt$1i62ytPTwhKQTd9wml6YGoPKw6f5TCWVfqtvOvoJsg4=", "last_login": null, "is_superuser": false, "username": "collod_v", "first_name": "Victor", "last_name": "Collod", "email": "collod_v@test.fr", "is_staff": false, "is_active": true, "date_joined": "2018-05-15T14:16:37.609Z", "groups": [], "user_permissions": []}}, {"model": "auth.user", "pk": 15, "fields": {"password": "pbkdf2_sha256$100000$WnuL8DePPL8j$rY898iwU4v6YPXbYSidrQ/x56fZYUutpJz/1wUw0V1g=", "last_login": null, "is_superuser": false, "username": "barbar_q", "first_name": "Quentin", "last_name": "Barbarat", "email": "barbarat@test.com", "is_staff": false, "is_active": true, "date_joined": "2018-05-15T14:21:08.293Z", "groups": [], "user_permissions": []}}, {"model": "auth.user", "pk": 16, "fields": {"password": "pbkdf2_sha256$100000$j7TlSnsSf9mk$XWZzk7mwH4prGmRwzOMVNJ2uiRj5Lllt9yS75G3Ez5w=", "last_login": null, "is_superuser": false, "username": "tessie_f", "first_name": "Fabien", "last_name": "Tessier", "email": "tessier_f@test.fr", "is_staff": false, "is_active": true, "date_joined": "2018-05-15T14:22:16.100Z", "groups": [], "user_permissions": []}}, {"model": "auth.user", "pk": 17, "fields": {"password": "pbkdf2_sha256$100000$oDOsbcm9hiZK$wy/n/AZqxMbj3fwul/5oDLorzwatqO8vxTzt7awJu2o=", "last_login": null, "is_superuser": false, "username": "leon_y", "first_name": "Yohann", "last_name": "Leon", "email": "leon_y@test.fr", "is_staff": false, "is_active": true, "date_joined": "2018-05-15T14:22:47.445Z", "groups": [], "user_permissions": []}}, {"model": "auth.user", "pk": 18, "fields": {"password": "pbkdf2_sha256$100000$exzUBS1UKNkj$nqy7Cv4qD5t7RFb4oz5aYISNzIZCvlEVYPfUegbGtaE=", "last_login": null, "is_superuser": false, "username": "khuat-_p", "first_name": "Paul", "last_name": "Khuat-Duy", "email": "khuaaizeh@test.fr", "is_staff": false, "is_active": true, "date_joined": "2018-05-15T14:23:37.390Z", "groups": [], "user_permissions": []}}, {"model": "auth.user", "pk": 19, "fields": {"password": "pbkdf2_sha256$100000$LMNmrfwWOoFy$M6qzF5J9EctVZMXwZcEsH+SmWW9t5oRqbjUJYv1slrA=", "last_login": null, "is_superuser": false, "username": "gaudro_m", "first_name": "Maxime", "last_name": "Gaudron", "email": "gaudro_m@test.fr", "is_staff": false, "is_active": true, "date_joined": "2018-05-15T14:30:06.723Z", "groups": [], "user_permissions": []}}, {"model": "auth.user", "pk": 20, "fields": {"password": "pbkdf2_sha256$100000$ymn7aLFvTLWo$GYC6uFzftT7P+iWE2r7ZHDPJucbkVDKy4HiJFhR4Ii4=", "last_login": null, "is_superuser": false, "username": "boutti_b", "first_name": "B\u00e9reng\u00e8re", "last_name": "BOUTTIER", "email": "boutti_b@aa.cp", "is_staff": false, "is_active": true, "date_joined": "2018-05-15T14:31:02.040Z", "groups": [], "user_permissions": []}}, {"model": "auth.user", "pk": 21, "fields": {"password": "pbkdf2_sha256$100000$ZpCDx9XaC9EY$xMpyV0iB//fj0ffeWebZ2ikzzfK1bHylc0deS8i7mrE=", "last_login": null, "is_superuser": false, "username": "chouqu_m", "first_name": "Maxime", "last_name": "Chouquet", "email": "chou@quet.com", "is_staff": false, "is_active": true, "date_joined": "2018-05-15T14:32:37.311Z", "groups": [], "user_permissions": []}}, {"model": "auth.user", "pk": 22, "fields": {"password": "pbkdf2_sha256$100000$zdpho6ZBYpvZ$DrMZjd52zEhbk0XntXGI+9sMTjXHz0bNeIUbrhywd0A=", "last_login": null, "is_superuser": false, "username": "le_bai_a", "first_name": "Erwan", "last_name": "Le Bail", "email": "lebail_@mo.tv", "is_staff": false, "is_active": true, "date_joined": "2018-05-15T14:34:44.586Z", "groups": [], "user_permissions": []}}, {"model": "auth.user", "pk": 23, "fields": {"password": "pbkdf2_sha256$100000$sz5Wysz5x6yy$n1lI3sx3q5boMdf1g8u854z/xCH0kUNJ1Z4BgTbKgeU=", "last_login": null, "is_superuser": false, "username": "solign_l", "first_name": "Louis-Fran\u00e7ois", "last_name": "Solignac", "email": "solign_l@test.fr", "is_staff": false, "is_active": true, "date_joined": "2018-05-15T14:35:19.034Z", "groups": [], "user_permissions": []}}, {"model": "auth.user", "pk": 24, "fields": {"password": "pbkdf2_sha256$100000$M5uGoSZxVQLT$4WTHqE+E3zAEB1E2VDcWAnijuROPd1fZJng7QH8phzY=", "last_login": null, "is_superuser": false, "username": "vialar_t", "first_name": "Th\u00e9o", "last_name": "Vialard", "email": "vialar_t@test.fr", "is_staff": false, "is_active": true, "date_joined": "2018-05-15T14:36:01.974Z", "groups": [], "user_permissions": []}}, {"model": "auth.user", "pk": 25, "fields": {"password": "!v6y0p5esi7NWbj2HR9EsNDMWOSe5qEb8BJlF4YGC", "last_login": "2018-05-16T15:20:36.604Z", "is_superuser": false, "username": "wentzl_q", "first_name": "Quentin", "last_name": "Wentzler", "email": "quentin.wentzler@epita.fr", "is_staff": false, "is_active": true, "date_joined": "2018-05-15T16:31:57.479Z", "groups": [], "user_permissions": []}}, {"model": "auth.user", "pk": 26, "fields": {"password": "!oiT7DTRGC4l6in9jovrQzpWcajOtRGUVgU17sJzs", "last_login": null, "is_superuser": false, "username": "AnonymousUser", "first_name": "", "last_name": "", "email": "", "is_staff": false, "is_active": true, "date_joined": "2018-05-17T13:26:50.722Z", "groups": [], "user_permissions": []}}, {"model": "sessions.session", "pk": "5ru75h3yk6j7fcjllxrg1ewvu73d7t2d", "fields": {"session_data": "OTA2OWRjZjBhNThhMjRiNzBmMTM4OTQxN2Y5ZTA1ODhlYzc5MTY1ZTp7ImVwaXRhX3N0YXRlIjoiUEVMcklQeDZ1eEFqZDNDOHBLcW9wZGtEdW92VTFaazYiLCJfYXV0aF91c2VyX2lkIjoiMjUiLCJfYXV0aF91c2VyX2JhY2tlbmQiOiJlcGl0YV9jb25uZWN0LmJhY2tlbmQuRXBpdGFPcGVuSWRDb25uZWN0IiwiX2F1dGhfdXNlcl9oYXNoIjoiYjAzNDVmNjFjYTkxMDZhMDYwMGQ1Yjg4YTcwNzE1ZGQyMTliMjY4YSIsInNvY2lhbF9hdXRoX2xhc3RfbG9naW5fYmFja2VuZCI6ImVwaXRhIn0=", "expire_date": "2018-05-30T15:20:36.613Z"}}, {"model": "sessions.session", "pk": "jtcnpxci9pbbpdccq74o4a80kcdqhdh7", "fields": {"session_data": "MDliYzUwZTY0NmQyYzEzNzA0OGRkMzhlNDM4NDNmZGQ0Zjg0YjM0NDp7Il9hdXRoX3VzZXJfaWQiOiIxIiwiX2F1dGhfdXNlcl9iYWNrZW5kIjoiZGphbmdvLmNvbnRyaWIuYXV0aC5iYWNrZW5kcy5Nb2RlbEJhY2tlbmQiLCJfYXV0aF91c2VyX2hhc2giOiJlODllMmIxMWFmMWUyN2U0ZmUxZmZkNGExNzczYjkxZWM2MjkxYWE4In0=", "expire_date": "2018-05-29T18:06:49.216Z"}}, {"model": "sessions.session", "pk": "t99fmdd70i683pobnn60j17rrd01a0xu", "fields": {"session_data": "MDliYzUwZTY0NmQyYzEzNzA0OGRkMzhlNDM4NDNmZGQ0Zjg0YjM0NDp7Il9hdXRoX3VzZXJfaWQiOiIxIiwiX2F1dGhfdXNlcl9iYWNrZW5kIjoiZGphbmdvLmNvbnRyaWIuYXV0aC5iYWNrZW5kcy5Nb2RlbEJhY2tlbmQiLCJfYXV0aF91c2VyX2hhc2giOiJlODllMmIxMWFmMWUyN2U0ZmUxZmZkNGExNzczYjkxZWM2MjkxYWE4In0=", "expire_date": "2018-05-29T16:27:08.941Z"}}, {"model": "sessions.session", "pk": "vlr158pwgd5kkxa7vb71styszln2qyws", "fields": {"session_data": "ZWE1YzBmMmQ3ZWU2OTZmMjEwYjY3ZmQ2ZDZkZTQzOTdiYzY4MWZjZjp7ImVwaXRhX3N0YXRlIjoiQ1NVcmQ0dGN6UzZ2TTljWU5YNjBOM1pCZmFRM0EydnciLCJfYXV0aF91c2VyX2lkIjoiMjUiLCJfYXV0aF91c2VyX2JhY2tlbmQiOiJlcGl0YV9jb25uZWN0LmJhY2tlbmQuRXBpdGFPcGVuSWRDb25uZWN0IiwiX2F1dGhfdXNlcl9oYXNoIjoiYjAzNDVmNjFjYTkxMDZhMDYwMGQ1Yjg4YTcwNzE1ZGQyMTliMjY4YSIsInNvY2lhbF9hdXRoX2xhc3RfbG9naW5fYmFja2VuZCI6ImVwaXRhIn0=", "expire_date": "2018-05-29T19:26:14.911Z"}}, {"model": "sessions.session", "pk": "zarqn8chwrqhlu2vag3g60llxwknxvlk", "fields": {"session_data": "MDliYzUwZTY0NmQyYzEzNzA0OGRkMzhlNDM4NDNmZGQ0Zjg0YjM0NDp7Il9hdXRoX3VzZXJfaWQiOiIxIiwiX2F1dGhfdXNlcl9iYWNrZW5kIjoiZGphbmdvLmNvbnRyaWIuYXV0aC5iYWNrZW5kcy5Nb2RlbEJhY2tlbmQiLCJfYXV0aF91c2VyX2hhc2giOiJlODllMmIxMWFmMWUyN2U0ZmUxZmZkNGExNzczYjkxZWM2MjkxYWE4In0=", "expire_date": "2018-05-29T13:57:40.531Z"}}, {"model": "social_django.usersocialauth", "pk": 1, "fields": {"user": 25, "provider": "epita", "uid": "wentzl_q", "extra_data": "{\"auth_time\": 1526484036, \"id_token\": \"eyJraWQiOiIyYzk2OTRjZTM0ZjQ5ZmYzMjIyMmJiZmNlMDk4NGJhNCIsImFsZyI6IlJTMjU2In0.eyJleHAiOjE1MjY0ODQ2MjMsImF0X2hhc2giOiI1T29hVktST0JyZERkUlFDWjlnNERBIiwic3ViIjoid2VudHpsX3EiLCJhdWQiOiIwMzEwMjEiLCJhdXRoX3RpbWUiOjE1MjY0ODQwMjMsImlzcyI6Imh0dHBzOi8vaW50cmEuY3JpLmVwaXRhLm5ldC9vaWRjIiwiaWF0IjoxNTI2NDg0MDIzLCJub25jZSI6IkQ1aUdQSTBJUEZUR09pdUdJd016MXhOV1RHcWM3Z0h4ZUQ2NHpxdENZdDM1dFJvakIxejJsTWpKR0RmOFQ0b00ifQ.fF-oPvUrHRqdXqL9_KzbCHxj1ESHY2UVvv1f6bTnhkOYbFo4LoOFhUY1CS0SE7wchdXjSpjUtc-PmaimvMNw5pe6bA-VfElH2PKGkKnhBeOB2cIEqVtbcMrreqP5yLLhzRBK4-JcNS2kYwYS8cxU4JT8d1QdiLyf7urslnyevVk\", \"refresh_token\": \"be32888681174fb5bf4eeea61049781d\", \"id\": \"wentzl_q\", \"promo\": \"2020\", \"access_token\": \"ad3b459af9cc4485860a3812860a3532\", \"token_type\": \"bearer\"}"}}, {"model": "intranet.association", "pk": "ACU", "fields": {"chemin_statut": "files/Associations-Membres.xlsx", "email": "acu@test.com", "description": "acu", "logo": "logo-epita.png", "motivation_letter": false, "slug": "acu", "login_pres": 3, "login_tres": 7, "login_secr": 5}}, {"model": "intranet.association", "pk": "BDE EPITA", "fields": {"chemin_statut": "files/Associations-Membres_6MFvzXd.xlsx", "email": "bde_epita@test.fr", "description": "bde", "logo": "logo/BDE-Bj\u00f6rnKings.png", "motivation_letter": false, "slug": "bde-epita", "login_pres": 19, "login_tres": 23, "login_secr": 21}}, {"model": "intranet.association", "pk": "EpiMac", "fields": {"chemin_statut": "files/Associations-Membres_HtxcRmi.xlsx", "email": "epimac@test.com", "description": "epimac", "logo": "logo/EpiMac.png", "motivation_letter": false, "slug": "epimac", "login_pres": 8, "login_tres": 10, "login_secr": 12}}, {"model": "intranet.association", "pk": "GConfs", "fields": {"chemin_statut": "files/Associations-Membres_AhGHEyd.xlsx", "email": "gconfs@test.com", "description": "gconfs", "logo": "logo/GConfs.jpg", "motivation_letter": false, "slug": "gconfs", "login_pres": 25, "login_tres": 17, "login_secr": 15}}, {"model": "intranet.ismemberofassociation", "pk": 1, "fields": {"asso": "ACU", "user": 4, "poste": "p"}}, {"model": "intranet.ismemberofassociation", "pk": 2, "fields": {"asso": "ACU", "user": 6, "poste": "s"}}, {"model": "intranet.ismemberofassociation", "pk": 3, "fields": {"asso": "EpiMac", "user": 9, "poste": "p"}}, {"model": "intranet.ismemberofassociation", "pk": 4, "fields": {"asso": "EpiMac", "user": 11, "poste": "t"}}, {"model": "intranet.ismemberofassociation", "pk": 5, "fields": {"asso": "GConfs", "user": 14, "poste": "p"}}, {"model": "intranet.ismemberofassociation", "pk": 6, "fields": {"asso": "GConfs", "user": 16, "poste": "s"}}, {"model": "intranet.ismemberofassociation", "pk": 7, "fields": {"asso": "GConfs", "user": 18, "poste": "t"}}, {"model": "intranet.ismemberofassociation", "pk": 8, "fields": {"asso": "BDE EPITA", "user": 20, "poste": "p"}}, {"model": "intranet.ismemberofassociation", "pk": 9, "fields": {"asso": "BDE EPITA", "user": 22, "poste": "s"}}, {"model": "intranet.ismemberofassociation", "pk": 10, "fields": {"asso": "BDE EPITA", "user": 24, "poste": "t"}}, {"model": "intranet.ismemberofassociation", "pk": 11, "fields": {"asso": "ACU", "user": 1, "poste": "d"}}, {"model": "intranet.isapplyingto", "pk": 13, "fields": {"asso": "BDE EPITA", "user": 1, "motivation_letter": "", "statut": "w"}}, {"model": "admin.logentry", "pk": 1, "fields": {"action_time": "2018-05-15T14:00:48.256Z", "user": 1, "content_type": 12, "object_id": "ACU", "object_repr": "ACU", "action_flag": 1, "change_message": "[{\"added\": {}}]"}}, {"model": "admin.logentry", "pk": 2, "fields": {"action_time": "2018-05-15T14:01:36.853Z", "user": 1, "content_type": 13, "object_id": "1", "object_repr": "IsMemberOfAssociation object (1)", "action_flag": 1, "change_message": "[{\"added\": {}}]"}}, {"model": "admin.logentry", "pk": 3, "fields": {"action_time": "2018-05-15T14:01:49.875Z", "user": 1, "content_type": 13, "object_id": "2", "object_repr": "IsMemberOfAssociation object (2)", "action_flag": 1, "change_message": "[{\"added\": {}}]"}}, {"model": "admin.logentry", "pk": 4, "fields": {"action_time": "2018-05-15T14:12:50.694Z", "user": 1, "content_type": 12, "object_id": "EpiMac", "object_repr": "EpiMac", "action_flag": 1, "change_message": "[{\"added\": {}}]"}}, {"model": "admin.logentry", "pk": 5, "fields": {"action_time": "2018-05-15T14:13:26.557Z", "user": 1, "content_type": 13, "object_id": "3", "object_repr": "IsMemberOfAssociation object (3)", "action_flag": 1, "change_message": "[{\"added\": {}}]"}}, {"model": "admin.logentry", "pk": 6, "fields": {"action_time": "2018-05-15T14:13:38.700Z", "user": 1, "content_type": 13, "object_id": "4", "object_repr": "IsMemberOfAssociation object (4)", "action_flag": 1, "change_message": "[{\"added\": {}}]"}}, {"model": "admin.logentry", "pk": 7, "fields": {"action_time": "2018-05-15T14:25:35.779Z", "user": 1, "content_type": 12, "object_id": "GConfs", "object_repr": "GConfs", "action_flag": 1, "change_message": "[{\"added\": {}}]"}}, {"model": "admin.logentry", "pk": 8, "fields": {"action_time": "2018-05-15T14:26:12.587Z", "user": 1, "content_type": 13, "object_id": "5", "object_repr": "IsMemberOfAssociation object (5)", "action_flag": 1, "change_message": "[{\"added\": {}}]"}}, {"model": "admin.logentry", "pk": 9, "fields": {"action_time": "2018-05-15T14:26:36.519Z", "user": 1, "content_type": 13, "object_id": "6", "object_repr": "IsMemberOfAssociation object (6)", "action_flag": 1, "change_message": "[{\"added\": {}}]"}}, {"model": "admin.logentry", "pk": 10, "fields": {"action_time": "2018-05-15T14:26:44.021Z", "user": 1, "content_type": 13, "object_id": "7", "object_repr": "IsMemberOfAssociation object (7)", "action_flag": 1, "change_message": "[{\"added\": {}}]"}}, {"model": "admin.logentry", "pk": 11, "fields": {"action_time": "2018-05-15T14:26:55.043Z", "user": 1, "content_type": 12, "object_id": "GConfs", "object_repr": "GConfs", "action_flag": 2, "change_message": "[{\"changed\": {\"fields\": [\"login_tres\"]}}]"}}, {"model": "admin.logentry", "pk": 12, "fields": {"action_time": "2018-05-15T14:37:57.087Z", "user": 1, "content_type": 12, "object_id": "BDE EPITA", "object_repr": "BDE EPITA", "action_flag": 1, "change_message": "[{\"added\": {}}]"}}, {"model": "admin.logentry", "pk": 13, "fields": {"action_time": "2018-05-15T14:38:22.029Z", "user": 1, "content_type": 13, "object_id": "8", "object_repr": "IsMemberOfAssociation object (8)", "action_flag": 1, "change_message": "[{\"added\": {}}]"}}, {"model": "admin.logentry", "pk": 14, "fields": {"action_time": "2018-05-15T14:38:45.526Z", "user": 1, "content_type": 13, "object_id": "9", "object_repr": "IsMemberOfAssociation object (9)", "action_flag": 1, "change_message": "[{\"added\": {}}]"}}, {"model": "admin.logentry", "pk": 15, "fields": {"action_time": "2018-05-15T14:38:57.868Z", "user": 1, "content_type": 13, "object_id": "10", "object_repr": "IsMemberOfAssociation object (10)", "action_flag": 1, "change_message": "[{\"added\": {}}]"}}, {"model": "admin.logentry", "pk": 16, "fields": {"action_time": "2018-05-15T18:08:13.409Z", "user": 1, "content_type": 18, "object_id": "11", "object_repr": "IsMemberOfAssociation object (11)", "action_flag": 1, "change_message": "[{\"added\": {}}]"}}, {"model": "admin.logentry", "pk": 17, "fields": {"action_time": "2018-05-15T18:35:01.740Z", "user": 1, "content_type": 12, "object_id": "BDE EPITA", "object_repr": "BDE EPITA", "action_flag": 2, "change_message": "[{\"changed\": {\"fields\": [\"motivation_letter\"]}}]"}}, {"model": "admin.logentry", "pk": 18, "fields": {"action_time": "2018-05-15T18:37:21.612Z", "user": 1, "content_type": 12, "object_id": "BDE EPITA", "object_repr": "BDE EPITA", "action_flag": 2, "change_message": "[{\"changed\": {\"fields\": [\"motivation_letter\"]}}]"}}, {"model": "admin.logentry", "pk": 19, "fields": {"action_time": "2018-05-15T18:43:42.235Z", "user": 1, "content_type": 12, "object_id": "BDE EPITA", "object_repr": "BDE EPITA", "action_flag": 2, "change_message": "[{\"changed\": {\"fields\": [\"motivation_letter\"]}}]"}}, {"model": "admin.logentry", "pk": 20, "fields": {"action_time": "2018-05-15T18:48:09.985Z", "user": 1, "content_type": 12, "object_id": "GConfs", "object_repr": "GConfs", "action_flag": 2, "change_message": "[{\"changed\": {\"fields\": [\"motivation_letter\"]}}]"}}, {"model": "admin.logentry", "pk": 21, "fields": {"action_time": "2018-05-15T19:16:45.501Z", "user": 1, "content_type": 12, "object_id": "EpiMac", "object_repr": "EpiMac", "action_flag": 2, "change_message": "[{\"changed\": {\"fields\": [\"motivation_letter\"]}}]"}}, {"model": "admin.logentry", "pk": 22, "fields": {"action_time": "2018-05-15T19:26:56.090Z", "user": 1, "content_type": 19, "object_id": "4", "object_repr": "IsApplyingTo object (4)", "action_flag": 3, "change_message": ""}}, {"model": "admin.logentry", "pk": 23, "fields": {"action_time": "2018-05-15T19:26:59.574Z", "user": 1, "content_type": 19, "object_id": "3", "object_repr": "IsApplyingTo object (3)", "action_flag": 3, "change_message": ""}}, {"model": "admin.logentry", "pk": 24, "fields": {"action_time": "2018-05-15T19:27:02.977Z", "user": 1, "content_type": 19, "object_id": "2", "object_repr": "IsApplyingTo object (2)", "action_flag": 3, "change_message": ""}}, {"model": "admin.logentry", "pk": 25, "fields": {"action_time": "2018-05-15T19:27:06.090Z", "user": 1, "content_type": 19, "object_id": "1", "object_repr": "IsApplyingTo object (1)", "action_flag": 3, "change_message": ""}}, {"model": "admin.logentry", "pk": 26, "fields": {"action_time": "2018-05-15T19:27:34.452Z", "user": 1, "content_type": 12, "object_id": "GConfs", "object_repr": "GConfs", "action_flag": 2, "change_message": "[{\"changed\": {\"fields\": [\"motivation_letter\"]}}]"}}, {"model": "admin.logentry", "pk": 27, "fields": {"action_time": "2018-05-16T14:12:01.681Z", "user": 1, "content_type": 12, "object_id": "EpiMac", "object_repr": "EpiMac", "action_flag": 2, "change_message": "[{\"changed\": {\"fields\": [\"login_pres\"]}}]"}}, {"model": "admin.logentry", "pk": 28, "fields": {"action_time": "2018-05-16T14:24:00.980Z", "user": 1, "content_type": 12, "object_id": "GConfs", "object_repr": "GConfs", "action_flag": 2, "change_message": "[{\"changed\": {\"fields\": [\"login_pres\"]}}]"}}, {"model": "admin.logentry", "pk": 29, "fields": {"action_time": "2018-05-16T15:23:21.759Z", "user": 1, "content_type": 18, "object_id": "14", "object_repr": "IsMemberOfAssociation object (14)", "action_flag": 3, "change_message": ""}}, {"model": "admin.logentry", "pk": 30, "fields": {"action_time": "2018-05-16T15:23:26.225Z", "user": 1, "content_type": 18, "object_id": "13", "object_repr": "IsMemberOfAssociation object (13)", "action_flag": 3, "change_message": ""}}, {"model": "admin.logentry", "pk": 31, "fields": {"action_time": "2018-05-16T15:55:54.354Z", "user": 1, "content_type": 12, "object_id": "GConfs", "object_repr": "GConfs", "action_flag": 2, "change_message": "[{\"changed\": {\"fields\": [\"login_pres\"]}}]"}}]